concept1,concept2,score,grounded_angle_7d,in_complement_band
TIME,ABYSS,11.602762222290039,80.7,True
OBSCURE,EMERGE,10.763745307922363,64.7,True
TIME,VIGOR,10.186531066894531,48.1,False
DARK,EMERGE,10.09373664855957,64.1,True
SLOW,ERODE,9.889961242675781,20.1,False
BEING,DOUBT,9.779743194580078,44.9,False
THIS,NONE,9.67854118347168,94.7,True
HOLD,SPARK,9.637748718261719,52.3,False
THIS,TRUTH,9.609309196472168,69.4,True
WILL,INTELLIGENCE,9.59504508972168,29.9,False
KNOW,WHERE,9.532188415527344,75.7,True
RECEIVE,ABYSS,9.46743392944336,58.7,False
COLD,SOFT,9.384407997131348,47.7,False
BECOME,EMERGE,9.337233543395996,22.4,False
SHAME,PART,9.333166122436523,40.9,False
ABOVE,COMPANION,9.298446655273438,51.3,False
SADNESS,MEEK,9.269464492797852,36.5,False
UNITY,ABYSS,9.266374588012695,30.8,False
LEARN,ENDURE,9.186990737915039,50.4,False
UNDERSTAND,INTELLIGENCE,9.146394729614258,35.2,False
CLARITY,ESSENCE,9.073997497558594,56.1,False
GROW,LESS,9.00197982788086,32.1,False
NOW,FORGET,8.978598594665527,37.3,False
HEAVY,ANIMAL,8.977087020874023,63.1,True
SEPARATION,NATURE,8.946540832519531,48.0,False
AIR,SHOULD,8.936199188232422,34.3,False
ABIDING,HOW,8.916879653930664,54.7,False
YANG,FIND,8.899589538574219,31.8,False
WITHER,DECAY,8.879181861877441,10.9,False
PEACE,GRASP,8.825828552246094,47.1,False
ALERT,DORMANT,8.821828842163086,89.3,True
SLOW,ALL,8.816766738891602,89.9,True
SMALL,DREAD,8.797122955322266,54.7,False
YANG,ANIMAL,8.792499542236328,40.8,False
SMALL,FREE,8.744894027709961,80.6,True
THINK,DEPLETE,8.739797592163086,61.6,True
SURGE,STAGNATION,8.732595443725586,80.9,True
SORROW,HARD,8.723461151123047,77.8,True
RIGHT,INSIGHT,8.711305618286133,72.3,True
CREATE,GROUP,8.707415580749512,62.5,True
FEEL,ACCEPT,8.704931259155273,20.0,False
FOOD,BAKE,8.703521728515625,19.5,False
SORROW,TRUTH,8.6936674118042,91.3,True
AWE,KNOWLEDGE,8.646858215332031,41.3,False
ACCEPT,STRONG,8.605010986328125,37.3,False
EARTH,SADNESS,8.602682113647461,52.7,False
ABIDING,DESTROY,8.599806785583496,43.0,False
ACCOMMODATE,ENJOYMENT,8.562858581542969,55.8,False
FUTURE,ABSORB,8.524628639221191,56.1,False
ABIDING,WHERE,8.497625350952148,59.8,False
RELEASE,AWAKEN,8.49748420715332,75.4,True
PART,GLEEFUL,8.489912033081055,63.7,True
DELIGHT,EMERGE,8.4862060546875,30.9,False
UNDERSTAND,WILL,8.466913223266602,49.4,False
KNOW,DELIGHT,8.455638885498047,50.3,False
CONTAIN,DEJECTION,8.454614639282227,41.0,False
SEPARATION,STRUCTURE,8.436132431030273,68.6,True
SHAME,POWER,8.409809112548828,100.9,True
EMPTY,HEAR,8.40252685546875,35.0,False
GRIEF,STEADY,8.3948392868042,55.1,False
VIGOR,EVENING,8.392666816711426,52.4,False
PEACE,WANT,8.386655807495117,60.0,False
WILL,ACTION,8.376789093017578,14.5,False
JUSTICE,COMMUNITY,8.366670608520508,40.2,False
THAT,FLOW,8.357440948486328,40.5,False
DREAD,MEEK,8.352506637573242,40.8,False
ABOVE,TAKE,8.348912239074707,71.3,True
PATH,MIDDLE,8.342967987060547,43.4,False
CLARITY,ALTHOUGH,8.333375930786133,27.0,False
RETREAT,TOWER,8.316428184509277,64.9,True
WATER,FORGIVE,8.296802520751953,78.5,True
ABIDING,CONSTRAINT,8.292928695678711,37.7,False
CLARITY,NECESSITY,8.291316986083984,34.6,False
STABLE,FREE,8.274579048156738,54.1,False
DARK,DAWN,8.267082214355469,62.0,True
LIGHT,MORAL,8.24874496459961,37.5,False
DESPAIR,FAITH,8.242993354797363,46.5,False
REFUSE,SICKNESS,8.235530853271484,58.1,False
ACTIVE,DAY,8.230867385864258,22.7,False
SMALL,BREAK,8.223112106323242,44.9,False
WHO,CONCEAL,8.222827911376953,39.5,False
SUBMERGE,FOOD,8.219996452331543,59.0,False
RIGHT,VIRTUE,8.216719627380371,83.4,True
ABOVE,ZERO,8.202726364135742,99.2,True
MIGHT,FORCE,8.18387222290039,42.1,False
DIMINISH,VALUE,8.178579330444336,52.6,False
SPACE,STRUCTURE,8.172682762145996,54.6,False
HOPE,POWER,8.165678977966309,39.1,False
MEEK,ACCOMMODATE,8.164901733398438,38.2,False
JOURNEY,EXPAND,8.136917114257812,20.8,False
TIME,FLOAT,8.133544921875,59.0,False
COMMUNITY,HIGH,8.12006950378418,42.6,False
SPACE,BODY,8.112668991088867,40.1,False
ABSORB,MONOPOLIZE,8.106236457824707,43.7,False
WITHHOLD,ANIMAL,8.103373527526855,53.7,False
REST,DEVICE,8.09140396118164,60.8,True
THAT,BELIEVE,8.089414596557617,103.7,True
WARM,ACTIVE,8.07998275756836,19.4,False
GRADUAL,SIZE,8.07072925567627,75.3,True
CLARITY,DECIDE,8.07016658782959,34.6,False
WILL,QUESTION,8.065143585205078,26.6,False
NATURE,PURPOSE,8.05230712890625,35.7,False
COLD,TASTE,8.04232406616211,63.1,True
ANXIETY,UNITY,8.037650108337402,45.2,False
DEPRIVE,FORGIVE,8.033727645874023,42.8,False
INSIGHT,EFFORT,8.033374786376953,30.4,False
GROUND,SPREAD,8.031081199645996,68.0,True
BEING,SPARK,8.02033519744873,48.3,False
SEEK,INSIGHT,8.020109176635742,28.3,False
RELEASE,PEAK,8.01952075958252,70.2,True
THOUGHT,INSIGHT,8.01599407196045,27.7,False
EMPTY,TOGETHER,8.011998176574707,72.1,True
ABIDING,SUBCONSCIOUS,8.007899284362793,57.5,False
EARTH,PERIL,8.006881713867188,53.8,False
FALSEHOOD,TRANSFORM,8.004195213317871,88.6,True
HOPE,FREE,7.990906715393066,41.8,False
FIRE,REMOTE,7.986848831176758,70.1,True
THAT,APEX,7.980566501617432,73.0,True
HOLD,NOVICE,7.97926139831543,83.3,True
LIGHT,REASON,7.974050521850586,66.1,True
UNSTABLE,LULL,7.969928741455078,56.6,False
ENDURE,MEEK,7.969043731689453,65.5,True
PATH,CLEAR,7.961564064025879,50.0,False
FORGIVE,REASON,7.960028648376465,32.3,False
HEAD,ANIMAL,7.9459309577941895,26.2,False
SLOW,YIELD,7.944149017333984,49.8,False
ALL,SADNESS,7.942265033721924,80.2,True
ABOVE,CLEAN,7.938438415527344,29.5,False
SLOW,COURAGE,7.937634468078613,85.2,True
LOVE,PURPOSE,7.936684608459473,39.3,False
LIGHT,FUNDAMENTAL,7.93159818649292,55.4,False
NONE,EXPRESS,7.927694320678711,77.4,True
TIME,NEVER,7.922503471374512,53.6,False
MONOPOLIZE,NIGHT,7.921969413757324,47.4,False
WANT,TASTE,7.916353225708008,17.0,False
PUSH,DESPAIR,7.912552356719971,74.7,True
HEAD,ARM,7.912059783935547,10.7,False
SHAME,TOP,7.901852607727051,112.9,True
THOUGHT,COMPREHEND,7.898718357086182,22.6,False
SOFT,IMMENSE,7.894055366516113,59.4,False
INSIGHT,CAUSE,7.884681701660156,24.9,False
BACKWARD,BEFORE,7.884027481079102,42.3,False
ALL,ACCOMMODATE,7.882128715515137,74.4,True
PATH,PERSIST,7.869864463806152,65.9,True
STABLE,SOUND,7.869014739990234,71.7,True
ASCENDING,MIST,7.866764068603516,66.5,True
TRUTH,FALL,7.866164207458496,95.2,True
ABIDING,BE,7.864679336547852,81.1,True
FLOW,PLAY,7.853329658508301,49.9,False
HOPE,FIGHT,7.8496809005737305,55.9,False
